coco_file_name,img_core,wall,drift,drift_num,sign,cycle,view,load_step_id,state
IMG_4112_JPG_JPG.rf.577686c60199a75c78e56236ecbf6099.jpg,IMG_4112,RW20,0.125,0.125,+,2,Side,RW20|0.125|+|2,peak
IMG_3327_JPG_JPG.rf.f32a18bbfaf9e8b3f8ed515e5f48dfbb.jpg,IMG_3327,N40,0.125,0.125,-,2,close-up,N40|0.125|-|2,peak
IMG_2060_JPG_JPG.rf.e48ebc8072d7be2db9cd36ededbc5153.jpg,IMG_2060,RW40,0.50,0.5,-,2,Bottom,RW40|0.50|-|2,peak
IMG_1926_JPG_JPG.rf.0db8a50dac53ff881f98e8f7ccc37e78.jpg,IMG_1926,RW40,0.25,0.25,-,1,close-up,RW40|0.25|-|1,peak
IMG_2136_JPG_JPG.rf.568667164f162be77f3e6f600a0c8a23.jpg,IMG_2136,RW40,0.75,0.75,+,2,overview,RW40|0.75|+|2,peak
IMG_4233_JPG_JPG.rf.51486da3dba7f9386ec06688eb1ea4be.jpg,IMG_4233,RW20,1.00,1.0,-,2,Bottom,RW20|1.00|-|2,peak
IMG_4100_JPG_JPG.rf.dadc3afacbaac24cafbceb75c1b783c6.jpg,IMG_4100,RW20,Initial,,,,overview,RW20|Initial|None|None,initial
IMG_4225_JPG_JPG.rf.d9f695a423fba5da3df0023713bce097.jpg,IMG_4225,RW20,1.00,1.0,+,2,Side,RW20|1.00|+|2,peak
IMG_3947_JPG_JPG.rf.dff8c29e4fb26bb05b675542811893f1.jpg,IMG_3947,RW20T,0.75,0.75,-,2,close-up,RW20T|0.75|-|2,peak
IMG_4128_JPG_JPG.rf.8c96681d6dd448e729db49770ecbea6f.jpg,IMG_4128,RW20,0.25,0.25,+,2,overview,RW20|0.25|+|2,peak
IMG_4126_JPG_JPG.rf.9e3494daff08127b99e0e4306382cf07.jpg,IMG_4126,RW20,0.125,0.125,-,2,Side,RW20|0.125|-|2,peak
IMG_1924_JPG_JPG.rf.af97bc7b50d9aa8cd95e79baeacb2407.jpg,IMG_1924,RW40,0.25,0.25,-,1,overview,RW40|0.25|-|1,peak
IMG_4111_JPG_JPG.rf.32292ef86c325c76d3b4fb0aa1fee9e1.jpg,IMG_4111,RW20,0.125,0.125,+,2,close-up,RW20|0.125|+|2,peak
IMG_3872_JPG_JPG.rf.1f7ddc1bba41ba494247948e2ac374bf.jpg,IMG_3872,RW20T,0.25,0.25,+,2,overview,RW20T|0.25|+|2,peak
IMG_3445_JPG_JPG.rf.ab1acccc78f7e93bfb15e45b5647a5a5.jpg,IMG_3445,N40,1.00,1.0,-,2,overview,N40|1.00|-|2,peak
IMG_4315_JPG_JPG.rf.0fbf41e8e7e1cd3e13190eca234ed352.jpg,IMG_4315,RW20,2.00,2.0,-,2,close-up,RW20|2.00|-|2,peak
IMG_4142_JPG_JPG.rf.fa05a6df0c7194331e0af84a3d6bd9eb.jpg,IMG_4142,RW20,0.25,0.25,-,2,close-up,RW20|0.25|-|2,peak
IMG_4240_JPG_JPG.rf.a0dd7ce661eb6b4b510354cc548e66aa.jpg,IMG_4240,RW20,1.00,1.0,-,2,Side,RW20|1.00|-|2,peak
IMG_2006_JPG_JPG.rf.1a58150e80fe3fd2251c9356f0fdbd9f.jpg,IMG_2006,RW40,0.50,0.5,-,1,Bottom,RW40|0.50|-|1,peak
IMG_3895_JPG_JPG.rf.780cc9f48e54358b13b5f5e92b2de5e7.jpg,IMG_3895,RW20T,0.50,0.5,+,2,overview,RW20T|0.50|+|2,peak
IMG_2121_JPG_JPG.rf.95024880457c438d9f771177d5647f9d.jpg,IMG_2121,RW40,0.75,0.75,-,1,close-up,RW40|0.75|-|1,peak
IMG_2139_JPG_JPG.rf.76317a0ab008236c1714cd3a097a30ea.jpg,IMG_2139,RW40,0.75,0.75,+,2,close-up,RW40|0.75|+|2,peak
IMG_4122_JPG_JPG.rf.c193784bc9513ec3ba47b6f9d9efb989.jpg,IMG_4122,RW20,0.125,0.125,-,2,close-up,RW20|0.125|-|2,peak
IMG_3959_JPG_JPG.rf.1ceac4655088a87263513af821ac7525.jpg,IMG_3959,RW20T,1.00,1.0,+,2,overview,RW20T|1.00|+|2,peak
IMG_3944_JPG_JPG.rf.1492d99b0cd6a9acfa02a22a5c9969e5.jpg,IMG_3944,RW20T,0.75,0.75,-,2,overview,RW20T|0.75|-|2,peak
IMG_4302_JPG_JPG.rf.de0a123cdd7c5a9e77def9cc5d261fba.jpg,IMG_4302,RW20,2.00,2.0,+,2,Side,RW20|2.00|+|2,peak
IMG_3873_JPG_JPG.rf.917ea8b205401d72c664baf53061c292.jpg,IMG_3873,RW20T,0.25,0.25,+,2,Bottom,RW20T|0.25|+|2,peak
IMG_4299_JPG_JPG.rf.c2a6367c95780e1caee9b687c29fcc9a.jpg,IMG_4299,RW20,2.00,2.0,+,2,close-up,RW20|2.00|+|2,peak
IMG_4292_JPG_JPG.rf.716bb9aa4f340520d7ddc2ded3c72f95.jpg,IMG_4292,RW20,2.00,2.0,+,2,close-up,RW20|2.00|+|2,peak
IMG_4115_JPG_JPG.rf.3883a15644fcd0e1f323624489affc4c.jpg,IMG_4115,RW20,0.125,0.125,+,2,close-up,RW20|0.125|+|2,peak
IMG_3854_JPG_JPG.rf.f2719660ccf3f9651d0ab19883aa1176.jpg,IMG_3854,RW20T,Initial,,,,overview,RW20T|Initial|None|None,initial
IMG_4210_JPG_JPG.rf.a7d5e2d98fe9a2d7d17296dd532375f6.jpg,IMG_4210,RW20,0.75,0.75,-,2,Side,RW20|0.75|-|2,peak
IMG_3379_JPG_JPG.rf.e3b150b940dfe5cf05da701b9708a241.jpg,IMG_3379,N40,0.50,0.5,-,2,close-up,N40|0.50|-|2,peak
IMG_4141_JPG_JPG.rf.859d6ecdc15ee2edb082af73f2c58d28.jpg,IMG_4141,RW20,0.25,0.25,-,2,close-up,RW20|0.25|-|2,peak
IMG_3930_JPG_JPG.rf.1651df74023f2c0cec77d9ec99fa1b09.jpg,IMG_3930,RW20T,0.75,0.75,+,2,close-up,RW20T|0.75|+|2,peak
IMG_3962_JPG_JPG.rf.5f9ff8eabbd29ecc39bd0f445cac7f0e.jpg,IMG_3962,RW20T,1.00,1.0,+,2,close-up,RW20T|1.00|+|2,peak
IMG_1920_JPG_JPG.rf.3c0690a025400796ea3a066e8bfa9070.jpg,IMG_1920,RW40,0.25,0.25,+,1,close-up,RW40|0.25|+|1,peak
IMG_3279_jpg.rf.e145ddf8c0b826cdcd1e1d8e367c3537.jpg,IMG_3279,N40,Initial,,,,overview,N40|Initial|None|None,initial
IMG_3347_JPG_JPG.rf.3ecc1b76f30c0318c4c490bd7d6bac3b.jpg,IMG_3347,N40,0.25,0.25,-,2,overview,N40|0.25|-|2,peak
IMG_2138_JPG_JPG.rf.48e415afbc1e8d64078915831b5c0230.jpg,IMG_2138,RW40,0.75,0.75,+,2,Bottom,RW40|0.75|+|2,peak
IMG_3960_JPG_JPG.rf.9c43263a51c20c363c4bfbc1c0b1f2ed.jpg,IMG_3960,RW20T,1.00,1.0,+,2,Bottom,RW20T|1.00|+|2,peak
IMG_4223_JPG_JPG.rf.192bda0d310d6932efb572c76aa66d1f.jpg,IMG_4223,RW20,1.00,1.0,+,2,Side,RW20|1.00|+|2,peak
IMG_4259_JPG_JPG.rf.a9e042fe253d4e46fd9d0481c8d46772.jpg,IMG_4259,RW20,1.5,1.5,+,2,Side,RW20|1.5|+|2,peak
IMG_3929_JPG_JPG.rf.01f76d2fb8612b95be6a69ccf123965e.jpg,IMG_3929,RW20T,0.75,0.75,+,2,Bottom,RW20T|0.75|+|2,peak
IMG_4027_JPG_JPG.rf.fd31474cd56ff6e7908c2cfe2e81c3e5.jpg,IMG_4027,RW20T,1.6,1.6,-,1,Bottom,RW20T|1.6|-|1,peak
IMG_4220_JPG_JPG.rf.4766bcbf1c4f96eed69a1a0a0974bec3.jpg,IMG_4220,RW20,1.00,1.0,+,2,close-up,RW20|1.00|+|2,peak
IMG_4289_JPG_JPG.rf.c04677b6e1a83702b8564db0690ef8dd.jpg,IMG_4289,RW20,2.00,2.0,+,2,overview,RW20|2.00|+|2,peak
IMG_1973_JPG_JPG.rf.eaa81df8d68d7c22e0a4c64915aea453.jpg,IMG_1973,RW40,Q0-after-0.25,0.25,-,2,overview,RW40|Q0-after-0.25|-|2,residual
IMG_1893_JPG_JPG.rf.93de78d93be97d3823a8069058a2efb8.jpg,IMG_1893,RW40,Initial,,,,overview,RW40|Initial|None|None,initial
IMG_3362_JPG_JPG.rf.d8a6fa2f3b838ba1e9b8c848c2d7f724.jpg,IMG_3362,N40,0.50,0.5,+,2,Bottom,N40|0.50|+|2,peak
IMG_1934_JPG_JPG.rf.9a668fce696b54c795ddd2fe35475fc8.jpg,IMG_1934,RW40,0.25,0.25,+,2,overview,RW40|0.25|+|2,peak
IMG_2046_JPG_JPG.rf.f0e454142866b1958913788934cfcbd5.jpg,IMG_2046,RW40,Q0-after-0.5,0.5,+,2,overview,RW40|Q0-after-0.5|+|2,residual
IMG_3426_JPG_JPG.rf.b6c62ded9849bf78b389ad22b82c8269.jpg,IMG_3426,N40,1.00,1.0,+,2,overview,N40|1.00|+|2,peak
IMG_2017_JPG_JPG.rf.25a35ed7085f38d3d22e3cbbdaaf5334.jpg,IMG_2017,RW40,0.50,0.5,-,1,close-up,RW40|0.50|-|1,peak
IMG_3428_JPG_JPG.rf.e7ba729d533cdf547346fdf6010e4c40.jpg,IMG_3428,N40,1.00,1.0,+,2,close-up,N40|1.00|+|2,peak
IMG_3377_JPG_JPG.rf.6b187f8b03d778b5c4e384bd5becbe28.jpg,IMG_3377,N40,0.50,0.5,-,2,close-up,N40|0.50|-|2,peak
IMG_4110_JPG_JPG.rf.40de24cd4b0d1c7555f928e80d1d14ec.jpg,IMG_4110,RW20,0.125,0.125,+,2,Bottom,RW20|0.125|+|2,peak
IMG_3389_JPG_JPG.rf.621f86b7f36265b2ac314451620e5676.jpg,IMG_3389,N40,0.75,0.75,+,2,overview,N40|0.75|+|2,peak
IMG_1925_JPG_JPG.rf.7354040938dcfdc3bcd282feb486d172.jpg,IMG_1925,RW40,0.25,0.25,-,1,Bottom,RW40|0.25|-|1,peak
IMG_4118_JPG_JPG.rf.202c551b5dd96e50e9c787c9e55ca5c3.jpg,IMG_4118,RW20,0.125,0.125,-,2,overview,RW20|0.125|-|2,peak
IMG_4257_JPG_JPG.rf.3d03f1878a46b511b1647f2e27020e54.jpg,IMG_4257,RW20,1.5,1.5,+,2,Side,RW20|1.5|+|2,peak
IMG_3884_JPG_JPG.rf.481e2ff55d7d369c9f4cc9f5424355f1.jpg,IMG_3884,RW20T,0.25,0.25,-,2,Bottom,RW20T|0.25|-|2,peak
IMG_4249_JPG_JPG.rf.0b033649d0e28fe317fc04dc867c3661.jpg,IMG_4249,RW20,1.5,1.5,+,2,overview,RW20|1.5|+|2,peak
IMG_4144_JPG_JPG.rf.2463fd72851595e8f1ad4bd7d2274f74.jpg,IMG_4144,RW20,0.25,0.25,-,2,Side,RW20|0.25|-|2,peak
IMG_4216_JPG_JPG.rf.4c12d436cdf574b9f7d0d25dd505cdd6.jpg,IMG_4216,RW20,1.00,1.0,+,2,close-up,RW20|1.00|+|2,peak
IMG_1911_JPG_JPG.rf.fb5aaf73e353ad922d178a670993105c.jpg,IMG_1911,RW40,0.125,0.125,-,2,overview,RW40|0.125|-|2,peak
IMG_4159_JPG_JPG.rf.e33279071ac258d940deee0be69828da.jpg,IMG_4159,RW20,0.50,0.5,+,2,Side,RW20|0.50|+|2,peak
IMG_4300_JPG_JPG.rf.f79a77cd105806558193b3f24d73fa25.jpg,IMG_4300,RW20,2.00,2.0,+,2,Side,RW20|2.00|+|2,peak
IMG_4125_JPG_JPG.rf.643a50960cf26cee59f7bdf62a405f07.jpg,IMG_4125,RW20,0.125,0.125,-,2,Side,RW20|0.125|-|2,peak
IMG_3863_JPG_JPG.rf.4221b3ba233eb08a719202c8dd3b2e3f.jpg,IMG_3863,RW20T,0.125,0.125,-,2,Bottom,RW20T|0.125|-|2,peak
IMG_3425_JPG_JPG.rf.e11219d6b83c381a27e9989916ca2e79.jpg,IMG_3425,N40,1.00,1.0,+,2,overview,N40|1.00|+|2,peak
IMG_3414_JPG_JPG.rf.2efe2aeea7c095250395656fc36de3dd.jpg,IMG_3414,N40,0.75,0.75,-,2,Bottom,N40|0.75|-|2,peak
IMG_2075_JPG_JPG.rf.68236cd7b6480bc8c61d5310607537f0.jpg,IMG_2075,RW40,Q0-after-0.5,0.5,-,2,overview,RW40|Q0-after-0.5|-|2,residual
IMG_1974_JPG_JPG.rf.104534609eef47ab9523d96e2d9518c6.jpg,IMG_1974,RW40,Q0-after-0.25,0.25,-,2,Bottom,RW40|Q0-after-0.25|-|2,residual
IMG_2007_JPG_JPG.rf.4957f6a998588b9f1cbddeab343e1409.jpg,IMG_2007,RW40,0.50,0.5,-,1,,RW40|0.50|-|1,peak
IMG_4169_JPG_JPG.rf.67eae0f0684bf2a3e093c18462d2ad6d.jpg,IMG_4169,RW20,0.50,0.5,-,2,close-up,RW20|0.50|-|2,peak
IMG_4138_JPG_JPG.rf.f4a60fce0f635d37241c5da8e9812541.jpg,IMG_4138,RW20,0.25,0.25,-,2,Bottom,RW20|0.25|-|2,peak
IMG_4137_JPG_JPG.rf.f677d1d4622aba21b78ea3f0097737ad.jpg,IMG_4137,RW20,0.25,0.25,-,2,overview,RW20|0.25|-|2,peak
IMG_1957_JPG_JPG.rf.3f402819aff5179bd8a770b74b307710.jpg,IMG_1957,RW40,0.25,0.25,-,2,Bottom,RW40|0.25|-|2,peak
IMG_4130_JPG_JPG.rf.e9af789647b5b1136ca7df8a2a1eebc1.jpg,IMG_4130,RW20,0.25,0.25,+,2,close-up,RW20|0.25|+|2,peak
IMG_2119_JPG_JPG.rf.608fcbd7fcd9bd193df918ccaee002e8.jpg,IMG_2119,RW40,0.75,0.75,-,1,overview,RW40|0.75|-|1,peak
IMG_4207_JPG_JPG.rf.1ef388c9aabeb9da15d0526c1fab5bb0.jpg,IMG_4207,RW20,0.75,0.75,-,2,Side,RW20|0.75|-|2,peak
IMG_2077_JPG_JPG.rf.61c7791cb33d1f03d5d2c6305ea7df88.jpg,IMG_2077,RW40,Q0-after-0.5,0.5,-,2,close-up,RW40|Q0-after-0.5|-|2,residual
IMG_4177_JPG_JPG.rf.aef0525637bd04ce8580c006181f4cf5.jpg,IMG_4177,RW20,0.50,0.5,-,2,Side,RW20|0.50|-|2,peak
IMG_2040_JPG_JPG.rf.46e1270ae46f1bf5cea780b2461af007.jpg,IMG_2040,RW40,0.50,0.5,+,2,close-up,RW40|0.50|+|2,peak
IMG_3856_JPG_JPG.rf.97b1780887b1173e46bcc362e73b3bb2.jpg,IMG_3856,RW20T,0.125,0.125,+,2,overview,RW20T|0.125|+|2,peak
IMG_4164_JPG_JPG.rf.419ea54878259ec85fac66a6205bb338.jpg,IMG_4164,RW20,0.50,0.5,+,2,Side,RW20|0.50|+|2,peak
IMG_3437_JPG_JPG.rf.654f39fb1c62fade49459173fd460f57.jpg,IMG_3437,N40,1.00,1.0,+,2,Side,N40|1.00|+|2,peak
IMG_4231_JPG_JPG.rf.83849e0498f950e45aa466c2b0a05ac5.jpg,IMG_4231,RW20,1.00,1.0,-,2,overview,RW20|1.00|-|2,peak
IMG_3337_JPG_JPG.rf.07c772b94e9fc939132623170bf457de.jpg,IMG_3337,N40,0.25,0.25,+,2,Bottom,N40|0.25|+|2,peak
IMG_1915_JPG_JPG.rf.aea83218dfe8a4bc2162c4f69e4761d7.jpg,IMG_1915,RW40,Q0-after-0.125,0.125,-,2,Bottom,RW40|Q0-after-0.125|-|2,residual
IMG_4148_JPG_JPG.rf.875f8c144a93b95a0b6c2a471328063f.jpg,IMG_4148,RW20,0.25,0.25,-,2,close-up,RW20|0.25|-|2,peak
IMG_4252_JPG_JPG.rf.05f3463b01d48d48ce5d5094d78abe2b.jpg,IMG_4252,RW20,1.5,1.5,+,2,close-up,RW20|1.5|+|2,peak
IMG_3446_JPG_JPG.rf.f471da04e4999e21538e15196b744aca.jpg,IMG_3446,N40,1.00,1.0,-,2,overview,N40|1.00|-|2,peak
IMG_4205_JPG_JPG.rf.be04a62bf9bc415d8af055952271c487.jpg,IMG_4205,RW20,0.75,0.75,-,2,close-up,RW20|0.75|-|2,peak
IMG_4215_JPG_JPG.rf.b332437f31c697b1a57c2d2839554c23.jpg,IMG_4215,RW20,1.00,1.0,+,2,close-up,RW20|1.00|+|2,peak
IMG_1916_JPG_JPG.rf.622a1ba3844b0d7a20c58a182a83e654.jpg,IMG_1916,RW40,Q0-after-0.125,0.125,-,2,close-up,RW40|Q0-after-0.125|-|2,residual
IMG_3897_JPG_JPG.rf.e765499a660b74c73be6265e96f3da02.jpg,IMG_3897,RW20T,0.50,0.5,+,2,Bottom,RW20T|0.50|+|2,peak
IMG_1936_JPG_JPG.rf.32ccf62392a593a798d8f5ed066de6b6.jpg,IMG_1936,RW40,0.25,0.25,+,2,Bottom,RW40|0.25|+|2,peak
IMG_3908_JPG_JPG.rf.52aa8006b5642b6deede7682a00d2552.jpg,IMG_3908,RW20T,0.50,0.5,+,2,close-up,RW20T|0.50|+|2,peak
IMG_4121_JPG_JPG.rf.c7a9bbe47beaef09697f2e09e55a3a06.jpg,IMG_4121,RW20,0.125,0.125,-,2,close-up,RW20|0.125|-|2,peak
IMG_1908_JPG_JPG.rf.c067f1ab10e5d06ab9b518e3873eae60.jpg,IMG_1908,RW40,0.125,0.125,+,2,overview,RW40|0.125|+|2,peak
IMG_4132_JPG_JPG.rf.2828aada6c91ef13442b679931a9a538.jpg,IMG_4132,RW20,0.25,0.25,+,2,close-up,RW20|0.25|+|2,peak
IMG_4154_JPG_JPG.rf.8bfd928eafa4abe9cfcc4a3cccb71f28.jpg,IMG_4154,RW20,0.50,0.5,+,2,Bottom,RW20|0.50|+|2,peak
IMG_3363_JPG_JPG.rf.bfb507262657f702c9a0827c6f45bb95.jpg,IMG_3363,N40,0.50,0.5,+,2,close-up,N40|0.50|+|2,peak
IMG_3372_JPG_JPG.rf.2645059644f2eb0eaf9cdbea847b9e8e.jpg,IMG_3372,N40,0.50,0.5,-,2,overview,N40|0.50|-|2,peak
IMG_3381_JPG_JPG.rf.2260172ee4f2ec85453db53150465fc0.jpg,IMG_3381,N40,0.50,0.5,-,2,Side,N40|0.50|-|2,peak
IMG_4234_JPG_JPG.rf.38ca0c910d4573779b5bc4f803b39e30.jpg,IMG_4234,RW20,1.00,1.0,-,2,close-up,RW20|1.00|-|2,peak
IMG_2154_JPG_JPG.rf.87cd38c76619738d35499adf658d61fb.jpg,IMG_2154,RW40,Q0-after-0.75,0.75,+,2,Bottom,RW40|Q0-after-0.75|+|2,residual
IMG_1904_JPG_JPG.rf.c22465a15a6530db0be77833dc5b8878.jpg,IMG_1904,RW40,0.125,0.125,-,1,Bottom,RW40|0.125|-|1,peak
IMG_4265_JPG_JPG.rf.98e1df5c076a01f23904a543fa993182.jpg,IMG_4265,RW20,1.5,1.5,-,2,Bottom,RW20|1.5|-|2,peak
IMG_1903_JPG_JPG.rf.48882eeee37208b2bee06092864e6c75.jpg,IMG_1903,RW40,0.125,0.125,-,1,overview,RW40|0.125|-|1,peak
IMG_4291_JPG_JPG.rf.21a3804db5bae77bf0d32435079fd56d.jpg,IMG_4291,RW20,2.00,2.0,+,2,close-up,RW20|2.00|+|2,peak
IMG_3328_JPG_JPG.rf.94dbf7eb7ee71927f86371b64451775d.jpg,IMG_3328,N40,0.125,0.125,-,2,close-up,N40|0.125|-|2,peak
IMG_4209_JPG_JPG.rf.910043d17e8ca65088c08a9ddb607641.jpg,IMG_4209,RW20,0.75,0.75,-,2,Side,RW20|0.75|-|2,peak
IMG_1947_JPG_JPG.rf.201d6e7a1d762e933fc1294236190624.jpg,IMG_1947,RW40,0.25,0.25,+,2,overview,RW40|0.25|+|2,peak
IMG_3374_JPG_JPG.rf.ed0457560009e2c525f2da59fb08d638.jpg,IMG_3374,N40,0.50,0.5,-,2,close-up,N40|0.50|-|2,peak
IMG_4208_JPG_JPG.rf.32d24b385bedc19f48c3dcfac46960c5.jpg,IMG_4208,RW20,0.75,0.75,-,2,Side,RW20|0.75|-|2,peak
IMG_4182_JPG_JPG.rf.2e2aa1e856fac43466d27ecc5d08806f.jpg,IMG_4182,RW20,0.75,0.75,+,2,close-up,RW20|0.75|+|2,peak
IMG_1956_JPG_JPG.rf.fb357153a35a804cff54fb153997ec46.jpg,IMG_1956,RW40,0.25,0.25,-,2,overview,RW40|0.25|-|2,peak
IMG_3394_JPG_JPG.rf.272b98bcd8557aa58c7da7a4c3a5d999.jpg,IMG_3394,N40,0.75,0.75,+,2,close-up,N40|0.75|+|2,peak
IMG_3977_JPG_JPG.rf.11c1cf5174d5046f5cfffa695a67f5d5.jpg,IMG_3977,RW20T,1.00,1.0,-,2,close-up,RW20T|1.00|-|2,peak
IMG_4004_JPG_JPG.rf.263d03bb7c009660774ccda5d0d0efa3.jpg,IMG_4004,RW20T,1.5,1.5,-,2,overview,RW20T|1.5|-|2,peak
IMG_4161_JPG_JPG.rf.ab8ccbd129cf83cd2bf17a459aa76be5.jpg,IMG_4161,RW20,0.50,0.5,+,2,Side,RW20|0.50|+|2,peak
IMG_3427_JPG_JPG.rf.1c1b652629d5826bcbc1ad3fb940cf0f.jpg,IMG_3427,N40,1.00,1.0,+,2,Bottom,N40|1.00|+|2,peak
IMG_2167_JPG_JPG.rf.951074afebc90a8cce0831dcd91877e2.jpg,IMG_2167,RW40,0.75,0.75,-,2,overview,RW40|0.75|-|2,peak
IMG_3974_JPG_JPG.rf.ecfeab31d4dcdd159f62fffa1156aee9.jpg,IMG_3974,RW20T,1.00,1.0,-,2,overview,RW20T|1.00|-|2,peak
IMG_2047_JPG_JPG.rf.47c94d48fe2ec906f210b67664c0af46.jpg,IMG_2047,RW40,Q0-after-0.5,0.5,+,2,Bottom,RW40|Q0-after-0.5|+|2,residual
IMG_4264_JPG_JPG.rf.272151f068e5a6f6e92ff70ca54a9a69.jpg,IMG_4264,RW20,1.5,1.5,-,2,overview,RW20|1.5|-|2,peak
IMG_4131_JPG_JPG.rf.2b9509c5548045b6fd7ffc0a0e5bd579.jpg,IMG_4131,RW20,0.25,0.25,+,2,close-up,RW20|0.25|+|2,peak
IMG_4236_1024x683_JPG_JPG.rf.469ec342a8313393c10daa1ec22176a7.jpg,IMG_4236,RW20,1.00,1.0,-,2,close-up,RW20|1.00|-|2,peak
IMG_4218_JPG_JPG.rf.7938240294830135db6571b6646cd4c1.jpg,IMG_4218,RW20,1.00,1.0,+,2,close-up,RW20|1.00|+|2,peak
IMG_4224_JPG_JPG.rf.660c028025e44378af0d60f7db288cc9.jpg,IMG_4224,RW20,1.00,1.0,+,2,Side,RW20|1.00|+|2,peak
IMG_4262_JPG_JPG.rf.9579a0c86872f4f31325bc00ab98128a.jpg,IMG_4262,RW20,1.5,1.5,+,2,close-up,RW20|1.5|+|2,peak
IMG_3318_JPG_JPG.rf.3c76c11798e26a42470e7f66bf5fadd9.jpg,IMG_3318,N40,0.125,0.125,+,2,close-up,N40|0.125|+|2,peak
IMG_3883_JPG_JPG.rf.defc3ddc125ca7911ba0d7c0e8d9d597.jpg,IMG_3883,RW20T,0.25,0.25,-,2,overview,RW20T|0.25|-|2,peak
IMG_3350_JPG_JPG.rf.e0caefdbd55c25bebc110d935ca012ec.jpg,IMG_3350,N40,0.25,0.25,-,2,close-up,N40|0.25|-|2,peak
IMG_4114_JPG_JPG.rf.baa8bb99484302cbd6f9aae89b2fd55c.jpg,IMG_4114,RW20,0.125,0.125,+,2,close-up,RW20|0.125|+|2,peak
IMG_3348_JPG_JPG.rf.02f0743f347a79754faee31c67986980.jpg,IMG_3348,N40,0.25,0.25,-,2,Bottom,N40|0.25|-|2,peak
IMG_4158_JPG_JPG.rf.6d5f2e136fff31759b277a749adee7e8.jpg,IMG_4158,RW20,0.50,0.5,+,2,Side,RW20|0.50|+|2,peak
IMG_3338_JPG_JPG.rf.c9d1b1b21398380d67e824513e2910fd.jpg,IMG_3338,N40,0.25,0.25,+,2,close-up,N40|0.25|+|2,peak
IMG_3339_JPG_JPG.rf.ccc5d39dfb82d391cc7e5b6a7bede10b.jpg,IMG_3339,N40,0.25,0.25,+,2,close-up,N40|0.25|+|2,peak
IMG_4192_JPG_JPG.rf.aeead23d446c357c6aed98de801871f7.jpg,IMG_4192,RW20,0.75,0.75,-,2,overview,RW20|0.75|-|2,peak
IMG_3988_JPG_JPG.rf.a8a73fe0a0cb0994ab356465f13d4b9b.jpg,IMG_3988,RW20T,1.5,1.5,+,2,overview,RW20T|1.5|+|2,peak
IMG_4213_JPG_JPG.rf.d88f1450a6a6d6d417538487e67d1f55.jpg,IMG_4213,RW20,1.00,1.0,+,2,overview,RW20|1.00|+|2,peak
IMG_3989_JPG_JPG.rf.aa1ba1e9bcaaf68711e60846fc21f0e4.jpg,IMG_3989,RW20T,1.5,1.5,+,2,Bottom,RW20T|1.5|+|2,peak
IMG_4180_JPG_JPG.rf.c33e981d7ec6cf4fc517fd3730257cff.jpg,IMG_4180,RW20,0.75,0.75,+,2,overview,RW20|0.75|+|2,peak
IMG_4145_JPG_JPG.rf.8c00d47a4fcd8a5ea146a320d4bf6924.jpg,IMG_4145,RW20,0.25,0.25,-,2,Side,RW20|0.25|-|2,peak
IMG_3375_JPG_JPG.rf.56f834ce33fd975805e64b6c4f54bbf2.jpg,IMG_3375,N40,0.50,0.5,-,2,close-up,N40|0.50|-|2,peak
IMG_4005_JPG_JPG.rf.3fd7a746f18fe8ae539c600a0ab54eae.jpg,IMG_4005,RW20T,1.5,1.5,-,2,Bottom,RW20T|1.5|-|2,peak
IMG_2048_JPG_JPG.rf.0bdd44e2cac998d5ccf6a0d5be3a16f0.jpg,IMG_2048,RW40,Q0-after-0.5,0.5,+,2,close-up,RW40|Q0-after-0.5|+|2,residual
IMG_4139_JPG_JPG.rf.433fcbc019512237890e68dd7484902b.jpg,IMG_4139,RW20,0.25,0.25,-,2,close-up,RW20|0.25|-|2,peak
IMG_3380_JPG_JPG.rf.ece86395aa6d1120e2554dff9aeca35f.jpg,IMG_3380,N40,0.50,0.5,-,2,Side,N40|0.50|-|2,peak
IMG_3911_JPG_JPG.rf.a220fe4502a61b4ddffefd5186a91e2e.jpg,IMG_3911,RW20T,0.50,0.5,-,2,Bottom,RW20T|0.50|-|2,peak
IMG_2092_JPG_JPG.rf.3578d0992a23c475f109c1ea81fcad1d.jpg,IMG_2092,RW40,0.75,0.75,+,1,Bottom,RW40|0.75|+|1,peak
IMG_4134_JPG_JPG.rf.3365078a52cd9d8a08cdca1142977be3.jpg,IMG_4134,RW20,0.25,0.25,+,2,Side,RW20|0.25|+|2,peak
IMG_3357_JPG_JPG.rf.a0ff3f3d059cc4eec40363c5dd2c0c2b.jpg,IMG_3357,N40,0.50,0.5,+,2,overview,N40|0.50|+|2,peak
IMG_4250_JPG_JPG.rf.cca830fac38f178f204e5671d5d70b6b.jpg,IMG_4250,RW20,1.5,1.5,+,2,Bottom,RW20|1.5|+|2,peak
IMG_4188_JPG_JPG.rf.c2d2767f936c55d5ed81b55095feca23.jpg,IMG_4188,RW20,0.75,0.75,+,2,Side,RW20|0.75|+|2,peak
IMG_4026_JPG_JPG.rf.d9330984880514d171a1d23f02d74f48.jpg,IMG_4026,RW20T,1.6,1.6,-,1,overview,RW20T|1.6|-|1,peak
IMG_1921_JPG_JPG.rf.b901a913a77106f2faed4880aeb9a406.jpg,IMG_1921,RW40,0.25,0.25,+,1,close-up,RW40|0.25|+|1,peak
IMG_3373_JPG_JPG.rf.927e29e3084e322bd323db2663ce7780.jpg,IMG_3373,N40,0.50,0.5,-,2,Bottom,N40|0.50|-|2,peak
IMG_1928_JPG_JPG.rf.f9e54e61361cc44d757756d12cbbd4f5.jpg,IMG_1928,RW40,0.25,0.25,-,1,close-up,RW40|0.25|-|1,peak
IMG_3454_JPG_JPG.rf.9d8c63836419a52fb061e7581d79ba44.jpg,IMG_3454,N40,1.00,1.0,+,2,close-up,N40|1.00|+|2,peak
IMG_1983_JPG_JPG.rf.1b96967f5ac6b633e797db3564e37bca.jpg,IMG_1983,RW40,0.50,0.5,+,1,overview,RW40|0.50|+|1,peak
IMG_3910_JPG_JPG.rf.9365deb53574d6ca828ecb5479f89053.jpg,IMG_3910,RW20T,0.50,0.5,-,2,overview,RW20T|0.50|-|2,peak
IMG_4140_JPG_JPG.rf.90d1f13e0d16312ac6ba76c897223fce.jpg,IMG_4140,RW20,0.25,0.25,-,2,close-up,RW20|0.25|-|2,peak
IMG_3976_JPG_JPG.rf.0a926bf50e6fef9a2a034ab5a3239587.jpg,IMG_3976,RW20T,1.00,1.0,-,2,Bottom,RW20T|1.00|-|2,peak
IMG_3316_JPG_JPG.rf.909b661d66f171c6de4b40cbadb068ac.jpg,IMG_3316,N40,0.125,0.125,+,2,overview,N40|0.125|+|2,peak
IMG_4119_JPG_JPG.rf.dc8034683c513148f0eaddaf15945ccc.jpg,IMG_4119,RW20,0.125,0.125,-,2,Bottom,RW20|0.125|-|2,peak
IMG_4133_JPG_JPG.rf.1ce01900546c65751cc37c9c59bfd2c0.jpg,IMG_4133,RW20,0.25,0.25,+,2,Side,RW20|0.25|+|2,peak
IMG_4194_JPG_JPG.rf.eab18973eabf84be9d262f98eaae4ccc.jpg,IMG_4194,RW20,0.75,0.75,-,2,close-up,RW20|0.75|-|2,peak
IMG_2168_JPG_JPG.rf.f028839effe06b5e4837b3270241064d.jpg,IMG_2168,RW40,0.75,0.75,-,2,Bottom,RW40|0.75|-|2,peak
IMG_4258_JPG_JPG.rf.59830f4ffd865d78151cc4a90adba981.jpg,IMG_4258,RW20,1.5,1.5,+,2,Side,RW20|1.5|+|2,peak
IMG_1984_JPG_JPG.rf.dc6d813c0da5fa0aed36b875da079b90.jpg,IMG_1984,RW40,0.50,0.5,+,1,Bottom,RW40|0.50|+|1,peak
IMG_3393_JPG_JPG.rf.04d9de86d3254c876e58e5fabf5cc330.jpg,IMG_3393,N40,0.75,0.75,+,2,Bottom,N40|0.75|+|2,peak
IMG_1919_JPG_JPG.rf.00b7c8ef92babf6a5741447a89cc899d.jpg,IMG_1919,RW40,0.25,0.25,+,1,Bottom,RW40|0.25|+|1,peak
IMG_4123_JPG_JPG.rf.8b52a70ce76c02814acbe9dbea006667.jpg,IMG_4123,RW20,0.125,0.125,-,2,close-up,RW20|0.125|-|2,peak
IMG_1959_JPG_JPG.rf.96d036df0f63c2e0b6c003cc70e43f43.jpg,IMG_1959,RW40,0.25,0.25,-,2,close-up,RW40|0.25|-|2,peak
IMG_3326_JPG_JPG.rf.827e6a8538030f4e661e3b35d45b2565.jpg,IMG_3326,N40,0.125,0.125,-,2,Bottom,N40|0.125|-|2,peak
IMG_4314_JPG_JPG.rf.a7229aa87c2fd4291a24b342a4762e0d.jpg,IMG_4314,RW20,2.00,2.0,-,2,close-up,RW20|2.00|-|2,peak
IMG_4251_JPG_JPG.rf.1169adb09e406d1422b6567e7d6d183e.jpg,IMG_4251,RW20,1.5,1.5,+,2,close-up,RW20|1.5|+|2,peak
IMG_4109_JPG_JPG.rf.c154e4289be1f714a0c4fc0ec5f062ea.jpg,IMG_4109,RW20,0.125,0.125,+,2,overview,RW20|0.125|+|2,peak
IMG_3384_JPG_JPG.rf.835ef12305432dfb605fa877359eb6d4.jpg,IMG_3384,N40,0.50,0.5,-,2,Side,N40|0.50|-|2,peak
IMG_4290Resize1-8M_JPG_JPG.rf.e24352f1c80510b764250edc9a9a331e.jpg,IMG_4290,RW20,2.00,2.0,+,2,Bottom,RW20|2.00|+|2,peak
IMG_4206_JPG_JPG.rf.3c32119aa29872d6262da2031d856c8e.jpg,IMG_4206,RW20,0.75,0.75,-,2,close-up,RW20|0.75|-|2,peak
IMG_4241_JPG_JPG.rf.f313e352b03b8e02ccb61a32b88f00ce.jpg,IMG_4241,RW20,1.00,1.0,-,2,Side,RW20|1.00|-|2,peak
IMG_2091_JPG_JPG.rf.8e75f7f470e099a1a796b059d3259119.jpg,IMG_2091,RW40,0.75,0.75,+,1,overview,RW40|0.75|+|1,peak
IMG_3325_JPG_JPG.rf.cbf8f4397ea6385735d1208a505af5c2.jpg,IMG_3325,N40,0.125,0.125,-,2,overview,N40|0.125|-|2,peak
IMG_3862_JPG_JPG.rf.2e5af7c89e81e8018fd0bdfa5037b8c5.jpg,IMG_3862,RW20T,0.125,0.125,-,2,overview,RW20T|0.125|-|2,peak
IMG_3874_JPG_JPG.rf.5980504c6738aec14d1b99b422e196cd.jpg,IMG_3874,RW20T,0.25,0.25,+,2,close-up,RW20T|0.25|+|2,peak
IMG_3857_JPG_JPG.rf.7a56137ff5b4fe0d6b22b84b9c94fccf.jpg,IMG_3857,RW20T,0.125,0.125,+,2,Bottom,RW20T|0.125|+|2,peak
IMG_2059_JPG_JPG.rf.7c3a61145cb3ff47667eea65c5eb652e.jpg,IMG_2059,RW40,0.50,0.5,-,2,overview,RW40|0.50|-|2,peak
IMG_3386_JPG_JPG.rf.903c316c747322b86285a7db5977ca25.jpg,IMG_3386,N40,0.50,0.5,-,2,Side,N40|0.50|-|2,peak
IMG_3927_JPG_JPG.rf.0db4726108851ac00bdf960b644544d7.jpg,IMG_3927,RW20T,0.75,0.75,+,2,overview,RW20T|0.75|+|2,peak
IMG_3378_JPG_JPG.rf.e3703bb3b4338ede1829e6654774d980.jpg,IMG_3378,N40,0.50,0.5,-,2,close-up,N40|0.50|-|2,peak
IMG_4187_JPG_JPG.rf.d8eff612aeaa64d64c7373a4105aba85.jpg,IMG_4187,RW20,0.75,0.75,+,2,Side,RW20|0.75|+|2,peak
IMG_3453_JPG_JPG.rf.fe22bb4634d88e8af09f44b6ee40b73c.jpg,IMG_3453,N40,1.00,1.0,+,2,Bottom,N40|1.00|+|2,peak
IMG_4153_JPG_JPG.rf.507af9762ab5e7bd4c3eed5343cdcabc.jpg,IMG_4153,RW20,0.50,0.5,+,2,overview,RW20|0.50|+|2,peak
IMG_4235_JPG_JPG.rf.3e6fee0b88caf71ab8898d9f31b2c029.jpg,IMG_4235,RW20,1.00,1.0,-,2,close-up,RW20|1.00|-|2,peak
IMG_2096_JPG_JPG.rf.d6d3cc6c50f734c3f6159885939ee996.jpg,IMG_2096,RW40,0.75,0.75,+,1,close-up,RW40|0.75|+|1,peak
IMG_4120_JPG_JPG.rf.db10b663013598ca5aabf9dd7a5e5cfa.jpg,IMG_4120,RW20,0.125,0.125,-,2,close-up,RW20|0.125|-|2,peak
IMG_4339_JPG_JPG.rf.e68bf3f7b291a52dc6fe5650193d1a64.jpg,IMG_4339,RW20,2.00,2.0,-,2,Bottom,RW20|2.00|-|2,peak
IMG_4238_JPG_JPG.rf.4cf0a76d1ff2a3434b0080f798761d28.jpg,IMG_4238,RW20,1.00,1.0,-,2,Side,RW20|1.00|-|2,peak
IMG_3885_JPG_JPG.rf.9254873717b7207041c78c25b47ab1c8.jpg,IMG_3885,RW20T,0.25,0.25,-,2,close-up,RW20T|0.25|-|2,peak
IMG_3319_JPG_JPG.rf.b0c0cff7a79b1d00ec897a575050c229.jpg,IMG_3319,N40,0.125,0.125,+,2,close-up,N40|0.125|+|2,peak
IMG_4162_JPG_JPG.rf.fbfccc957c0e4c02060547853fe14b24.jpg,IMG_4162,RW20,0.50,0.5,+,2,Side,RW20|0.50|+|2,peak
IMG_4167_JPG_JPG.rf.3293210bb498cc1454bcd4a78e6850ac.jpg,IMG_4167,RW20,0.50,0.5,-,2,Bottom,RW20|0.50|-|2,peak
IMG_3429_JPG_JPG.rf.f21ee348111b74ed20b13f45e6443d95.jpg,IMG_3429,N40,1.00,1.0,+,2,close-up,N40|1.00|+|2,peak
IMG_4181_JPG_JPG.rf.916fdfe3ad45b1b4a9fd84685f3a5070.jpg,IMG_4181,RW20,0.75,0.75,+,2,Bottom,RW20|0.75|+|2,peak
IMG_4157_JPG_JPG.rf.5df7095766a164be16ca2354bf2c817c.jpg,IMG_4157,RW20,0.50,0.5,+,2,close-up,RW20|0.50|+|2,peak
IMG_4113_JPG_JPG.rf.c9ea22c2ba3bbc2a2cc189ebf6f42ef5.jpg,IMG_4113,RW20,0.125,0.125,+,2,Side,RW20|0.125|+|2,peak
IMG_4193_JPG_JPG.rf.ed6c8458dbdf391cdb5136aee0069047.jpg,IMG_4193,RW20,0.75,0.75,-,2,Bottom,RW20|0.75|-|2,peak
IMG_1918_JPG_JPG.rf.9bdffb024ff6c1204928ba4c4b7ce789.jpg,IMG_1918,RW40,0.25,0.25,+,1,overview,RW40|0.25|+|1,peak
IMG_3385_JPG_JPG.rf.b263ec1403ef8ff05bac33db075c8fa4.jpg,IMG_3385,N40,0.50,0.5,-,2,Side,N40|0.50|-|2,peak
IMG_4124_JPG_JPG.rf.7e36c8b533f437ab6cce7a77f1a62ae5.jpg,IMG_4124,RW20,0.125,0.125,-,2,Side,RW20|0.125|-|2,peak
IMG_4166_JPG_JPG.rf.87ad97aa56d62d70847e1190b6c91007.jpg,IMG_4166,RW20,0.50,0.5,-,2,overview,RW20|0.50|-|2,peak
IMG_3317_JPG_JPG.rf.4a8bf729dd7deb4d6eec18b5afe4d507.jpg,IMG_3317,N40,0.125,0.125,+,2,Bottom,N40|0.125|+|2,peak
IMG_4221_JPG_JPG.rf.147583502c489a7ecf528aa6ecc55415.jpg,IMG_4221,RW20,1.00,1.0,+,2,close-up,RW20|1.00|+|2,peak
IMG_2153_JPG_JPG.rf.d5402196c3c31acd566f40576008f4d0.jpg,IMG_2153,RW40,Q0-after-0.75,0.75,+,,overview,RW40|Q0-after-0.75|+|None,residual
IMG_1905_JPG_JPG.rf.08b50f48f0f7737df95c50661ac40b58.jpg,IMG_1905,RW40,0.125,0.125,-,1,close-up,RW40|0.125|-|1,peak
IMG_4129_JPG_JPG.rf.15bc54e56987b8ce80590ee1812adfa3.jpg,IMG_4129,RW20,0.25,0.25,+,2,Bottom,RW20|0.25|+|2,peak
IMG_3382_JPG_JPG.rf.31228d5934e2bc725f6932df607aee21.jpg,IMG_3382,N40,0.50,0.5,-,2,Side,N40|0.50|-|2,peak
IMG_3376_JPG_JPG.rf.2bd6a44a0c969810eae4f9ff77fc4cd9.jpg,IMG_3376,N40,0.50,0.5,-,2,Side,N40|0.50|-|2,peak
IMG_3336_JPG_JPG.rf.5421dd9f730fb6e8d93bdf53b0a9fd8f.jpg,IMG_3336,N40,0.25,0.25,+,2,overview,N40|0.25|+|2,peak
IMG_1960_JPG_JPG.rf.6585ce4bafa38c2bc9e95569148c87a7.jpg,IMG_1960,RW40,0.25,0.25,-,2,close-up,RW40|0.25|-|2,peak
IMG_1975_JPG_JPG.rf.114dd7e4b8382f32a9de53cfefbf97f8.jpg,IMG_1975,RW40,Q0-after-0.25,0.25,-,2,close-up,RW40|Q0-after-0.25|-|2,residual
IMG_4168_JPG_JPG.rf.3d7ddfccf7a77a9c92d9baf1dd4fa7cd.jpg,IMG_4168,RW20,0.50,0.5,-,2,close-up,RW20|0.50|-|2,peak
IMG_4253_JPG_JPG.rf.d75565c65d2df99427f8ec94607a5976.jpg,IMG_4253,RW20,1.5,1.5,+,2,close-up,RW20|1.5|+|2,peak
IMG_2005_JPG_JPG.rf.e56a8ae3b846651f9992e1f1e53f00e7.jpg,IMG_2005,RW40,0.50,0.5,-,1,overview,RW40|0.50|-|1,peak
IMG_2030_JPG_JPG.rf.b9409bd42721e56329ffe65bbbdad0e8.jpg,IMG_2030,RW40,0.50,0.5,+,2,close-up,RW40|0.50|+|2,peak
IMG_1989_JPG_JPG.rf.fc987b3eb961499c6fd5cb61aac225ec.jpg,IMG_1989,RW40,0.50,0.5,+,1,close-up,RW40|0.50|+|1,peak
IMG_3945_JPG_JPG.rf.f2573365ea49dac7fbd974d0b726df6b.jpg,IMG_3945,RW20T,0.75,0.75,-,2,Bottom,RW20T|0.75|-|2,peak
IMG_2029_JPG_JPG.rf.f6cea49a0ac89bc96f0f21f4721ed8d4.jpg,IMG_2029,RW40,0.50,0.5,+,2,Bottom,RW40|0.50|+|2,peak
IMG_4293_JPG_JPG.rf.4c2bcdd87a2f70a94ed05afef5145835.jpg,IMG_4293,RW20,2.00,2.0,+,2,close-up,RW20|2.00|+|2,peak
IMG_4173_JPG_JPG.rf.f8303ea4eb7a319345ba5b4dd11e8504.jpg,IMG_4173,RW20,0.50,0.5,-,2,Side,RW20|0.50|-|2,peak
IMG_1914_JPG_JPG.rf.d5f0d00b9443cfa9cab16a726488ddca.jpg,IMG_1914,RW40,Q0-after-0.125,0.125,-,2,overview,RW40|Q0-after-0.125|-|2,residual
IMG_1912_JPG_JPG.rf.c85e52dbfa616ac5f58cdcd98f13dfea.jpg,IMG_1912,RW40,0.125,0.125,-,2,Bottom,RW40|0.125|-|2,peak
IMG_4217_JPG_JPG.rf.0fe9a288064fbc86e49354d3ad05c0af.jpg,IMG_4217,RW20,1.00,1.0,+,2,close-up,RW20|1.00|+|2,peak
IMG_4143_JPG_JPG.rf.61736cba4b4a52ac7b05e3522fce616a.jpg,IMG_4143,RW20,0.25,0.25,-,2,close-up,RW20|0.25|-|2,peak
IMG_3912_JPG_JPG.rf.4f5182dbaed73476817353895ec7bfec.jpg,IMG_3912,RW20T,0.50,0.5,-,2,close-up,RW20T|0.50|-|2,peak
IMG_2028_JPG_JPG.rf.829ffa2c788ffd66048f9c0e86f1054f.jpg,IMG_2028,RW40,0.50,0.5,+,2,overview,RW40|0.50|+|2,peak
IMG_4301_JPG_JPG.rf.105e52a37b0b0f9f28cc57da4a0216ac.jpg,IMG_4301,RW20,2.00,2.0,+,2,Side,RW20|2.00|+|2,peak
IMG_2120_JPG_JPG.rf.17e634b2f4973d90959a62be9b21df4b.jpg,IMG_2120,RW40,0.75,0.75,-,1,Bottom,RW40|0.75|-|1,peak
IMG_4312_JPG_JPG.rf.5abc816c309f6d29a7f3ebf7d18c9453.jpg,IMG_4312,RW20,2.00,2.0,-,2,overview,RW20|2.00|-|2,peak
IMG_2097_JPG_JPG.rf.5b771c8d2bc634bf1bd1049b85b9ee93.jpg,IMG_2097,RW40,0.75,0.75,+,1,close-up,RW40|0.75|+|1,peak
IMG_3415_JPG_JPG.rf.439d7ff12fc53710e25dd7838bb1e3ee.jpg,IMG_3415,N40,0.75,0.75,-,2,close-up,N40|0.75|-|2,peak
IMG_4185_JPG_JPG.rf.ed9b8e9d772b29ee7bee3c23b5386123.jpg,IMG_4185,RW20,0.75,0.75,+,2,close-up,RW20|0.75|+|2,peak
IMG_4222_JPG_JPG.rf.2c0988c0e502afabf552e123942a7fd8.jpg,IMG_4222,RW20,1.00,1.0,+,2,Side,RW20|1.00|+|2,peak
IMG_3383_JPG_JPG.rf.d699663a2e67b429a36c02236bc87c72.jpg,IMG_3383,N40,0.50,0.5,-,2,Side,N40|0.50|-|2,peak
IMG_4155_JPG_JPG.rf.c8f6a485032e8f963cd54c64d3240959.jpg,IMG_4155,RW20,0.50,0.5,+,2,close-up,RW20|0.50|+|2,peak
IMG_3405_JPG_JPG.rf.f1de0ab53d5713e5560c0f434bf6830b.jpg,IMG_3405,N40,0.75,0.75,-,2,overview,N40|0.75|-|2,peak
IMG_4176_JPG_JPG.rf.e1b7e3983d9074b99f67d54404cfd44d.jpg,IMG_4176,RW20,0.50,0.5,-,2,Side,RW20|0.50|-|2,peak
IMG_1762_1024x683_JPG.rf.IQGvBI1d6F66Qy2JSynS.JPG,IMG_1762,RW20C,3,3,+,2,?,RW20C|3|+|2,peak
IMG_1113_JPG.rf.4dO6fGV3lttQBXxpEpS9.JPG,IMG_1113,RW20C,0.125,0.125,+,2,?,RW20C|0.125|+|2,peak
IMG_1761_JPG.rf.GfF8TGmkOgeZRNr7SlPe.JPG,IMG_1761,RW20C,3,3,+,2,?,RW20C|3|+|2,peak
IMG_1111_JPG.rf.0eydOSAsBZHNJC5niYq6.JPG,IMG_1111,RW20C,0.125,0.125,+,2,?,RW20C|0.125|+|2,peak
IMG_1350_JPG.rf.BROjP5t31e76qtOyJGEa.JPG,IMG_1350,RW20C,0.75,0.75,-,2,?,RW20C|0.75|-|2,peak
IMG_1166_JPG.rf.DI7r3gjScei9yEqOkeap.JPG,IMG_1166,RW20C,0.25,0.25,+,2,?,RW20C|0.25|+|2,peak
IMG_1260_JPG.rf.1oSeKhNvFeACPisqeXHs.JPG,IMG_1260,RW20C,0.5,0.5,-,2,?,RW20C|0.5|-|2,peak
IMG_1168_JPG.rf.0bIPooxE4yeimO2uYSzf.JPG,IMG_1168,RW20C,0.25,0.25,+,2,?,RW20C|0.25|+|2,peak
IMG_1479_512x768_JPG.rf.8oD6TFw1RtKmxnMv0ehB.JPG,IMG_1479,RW20C,1,1,-,2,?,RW20C|1|-|2,residual
IMG_1258_JPG.rf.9HMBva4B2C5MZ4hZwmvw.JPG,IMG_1258,RW20C,0.5,0.5,-,2,?,RW20C|0.5|-|2,peak
IMG_1232_JPG.rf.qV12m9hgsyhx45cj9Nj4.JPG,IMG_1232,RW20C,0.5,0.5,+,2,?,RW20C|0.5|+|2,peak
IMG_1323_JPG.rf.C4bKo3q1mVaYKN1ONzzA.JPG,IMG_1323,RW20C,0.75,0.75,+,2,?,RW20C|0.75|+|2,peak
IMG_1167_JPG.rf.JE9CBnRMXhCD1m1GNeW0.JPG,IMG_1167,RW20C,0.25,0.25,+,2,?,RW20C|0.25|+|2,peak
IMG_1685_JPG.rf.NrQKT2eGwD5rg7U3A2f8.JPG,IMG_1685,RW20C,2,2,-,2,?,RW20C|2|-|2,residual
IMG_1683_JPG.rf.S9uKyCT7NgjoA0ncUWVU.JPG,IMG_1683,RW20C,2,2,-,2,?,RW20C|2|-|2,residual
IMG_1348_JPG.rf.rXY4E7WuAmOT9iaUWdyR.JPG,IMG_1348,RW20C,0.75,0.75,-,2,?,RW20C|0.75|-|2,peak
IMG_1684_1024x683_JPG.rf.MNKnHPxK5uKmZw9NAqAE.JPG,IMG_1684,RW20C,2,2,-,2,?,RW20C|2|-|2,residual
IMG_1127_JPG.rf.IedvERiRHL12o85X4vqb.JPG,IMG_1127,RW20C,0.125,0.125,-,2,?,RW20C|0.125|-|2,peak
IMG_1185_JPG.rf.SOMkJTpgvYhJZMLMpWek.JPG,IMG_1185,RW20C,0.25,0.25,-,2,?,RW20C|0.25|-|2,peak
IMG_1187_JPG.rf.dIDb7CmmdCtoZCVTvqhi.JPG,IMG_1187,RW20C,0.25,0.25,-,2,?,RW20C|0.25|-|2,peak
IMG_1231_JPG.rf.eS5RoSfJhClbACVj6oVc.JPG,IMG_1231,RW20C,0.5,0.5,+,2,?,RW20C|0.5|+|2,peak
IMG_1763_JPG.rf.gyEdPAV6qzDGbxNQdQGi.JPG,IMG_1763,RW20C,3,3,+,2,?,RW20C|3|+|2,peak
IMG_1322_JPG.rf.T18uQBTxU8F0aJYc92cC.JPG,IMG_1322,RW20C,0.75,0.75,+,2,?,RW20C|0.75|+|2,peak
IMG_1321_JPG.rf.rz19Ir3EwZhEGfLun79Y.JPG,IMG_1321,RW20C,0.75,0.75,+,2,?,RW20C|0.75|+|2,peak
IMG_1542_JPG.rf.2MQne9pchMm1jU3pnsuK.JPG,IMG_1542,RW20C,1.5,1.5,+,2,?,RW20C|1.5|+|2,residual
IMG_1349_JPG.rf.X1nBRy7AxAJSgejXhskO.JPG,IMG_1349,RW20C,0.75,0.75,-,2,?,RW20C|0.75|-|2,peak
IMG_1259_JPG.rf.fxRlRql86SUKU1CwhxS1.JPG,IMG_1259,RW20C,0.5,0.5,-,2,?,RW20C|0.5|-|2,peak
IMG_1762_JPG.rf.fDekzQKDQnk3WkfcW6nP.JPG,IMG_1762,RW20C,3,3,+,2,?,RW20C|3|+|2,peak
IMG_1572_1024x683_JPG.rf.fwkHLQjXXii685L3cgFA.JPG,IMG_1572,RW20C,1.5,1.5,-,2,?,RW20C|1.5|-|2,residual
IMG_1085_JPG.rf.szT76A9xwCGUZJdSUqmH.JPG,IMG_1085,RW20C,0,0,+,0,?,RW20C|0|+|0,initial
IMG_1128_JPG.rf.wucmfGIFU4Rp5nEFiyUJ.JPG,IMG_1128,RW20C,0.125,0.125,-,2,?,RW20C|0.125|-|2,peak
IMG_1643_JPG.rf.ChaiEm7xycG9PWVcDcj0.JPG,IMG_1643,RW20C,2,2,+,2,?,RW20C|2|+|2,residual
IMG_1480_1024x683_JPG.rf.iyrcItCJWd6JfXMfOHDF.JPG,IMG_1480,RW20C,1,1,-,2,?,RW20C|1|-|2,residual
IMG_1129_JPG.rf.ljH1ROJ0iMQDLjo66rad.JPG,IMG_1129,RW20C,0.125,0.125,-,2,?,RW20C|0.125|-|2,peak
IMG_1230_JPG.rf.hQaVaIkPvuSp36fHBVVp.JPG,IMG_1230,RW20C,0.5,0.5,+,2,?,RW20C|0.5|+|2,peak
IMG_1482_JPG.rf.DwqKR5VaCnrQJtdugT5u.JPG,IMG_1482,RW20C,1,1,-,2,?,RW20C|1|-|2,residual
IMG_1545_JPG.rf.GavkJdxU5QiMBN4rPnUN.JPG,IMG_1545,RW20C,1.5,1.5,+,2,?,RW20C|1.5|+|2,residual
IMG_1443_JPG.rf.TAlczcWpW3UL1VWyVs6O.JPG,IMG_1443,RW20C,1,1,+,2,?,RW20C|1|+|2,residual
IMG_1186_JPG.rf.qCT9Zbr6kouzIgwYfg2k.JPG,IMG_1186,RW20C,0.25,0.25,-,2,?,RW20C|0.25|-|2,peak
IMG_1543_JPG.rf.MgVIkYRYNi4WECWtqB2P.JPG,IMG_1543,RW20C,1.5,1.5,+,2,?,RW20C|1.5|+|2,residual
IMG_1571_JPG.rf.ScQUR2uYC5hPFo2ulANl.JPG,IMG_1571,RW20C,1.5,1.5,-,2,?,RW20C|1.5|-|2,residual
IMG_1544_JPG.rf.XUoWrRgYfgmdOmvJbgI3.JPG,IMG_1544,RW20C,1.5,1.5,+,2,?,RW20C|1.5|+|2,residual
IMG_1481_JPG.rf.bO88mci6a6zJSPB63fsk.JPG,IMG_1481,RW20C,1,1,-,2,?,RW20C|1|-|2,residual
IMG_1646_JPG.rf.cxkGinbSoPVZGNJwjDVk.JPG,IMG_1646,RW20C,2,2,+,2,?,RW20C|2|+|2,residual
IMG_1366_JPG.rf.KJk6wh5llwKQuzOcFQxB.JPG,IMG_1366,RW20C,0.75,0.75,-,2,?,RW20C|0.75|-|2,residual
IMG_1644_JPG.rf.bQDm4KazTwmpiUaD2m3M.JPG,IMG_1644,RW20C,2,2,+,2,?,RW20C|2|+|2,residual
IMG_1574_JPG.rf.c8hML2ZTWRgm9BmUWIpO.JPG,IMG_1574,RW20C,1.5,1.5,-,2,?,RW20C|1.5|-|2,residual
IMG_1440_JPG.rf.gdLlKUJgv8NrvrvYcGLq.JPG,IMG_1440,RW20C,1,1,+,2,?,RW20C|1|+|2,residual
IMG_1573_JPG.rf.f4MVL22UlmMZavC4S5vu.JPG,IMG_1573,RW20C,1.5,1.5,-,2,?,RW20C|1.5|-|2,residual
IMG_1686_JPG.rf.gL3A5mpDBQY74zj1BSab.JPG,IMG_1686,RW20C,2,2,-,2,?,RW20C|2|-|2,residual
IMG_1438_JPG.rf.oQ7AE4A3d9CAPKlLsifl.JPG,IMG_1438,RW20C,1,1,+,2,?,RW20C|1|+|2,residual
IMG_1645_JPG.rf.pt6122aVtfV2kk8kMHgm.JPG,IMG_1645,RW20C,2,2,+,2,?,RW20C|2|+|2,residual
IMG_1441_JPG.rf.oBGM8l9BAphIYwZV61wm.JPG,IMG_1441,RW20C,1,1,+,2,?,RW20C|1|+|2,residual
IMG_3566_JPG.rf.0kcqt5eTfegEE8Z4Wdn4.JPG,IMG_3566,RW20L,0.125,0.125,+,2,?,RW20L|0.125|+|2,peak
IMG_3609_JPG.rf.bhLPDzMu5OqIGin9F9g6.JPG,IMG_3609,RW20L,0.5,0.5,+,2,?,RW20L|0.5|+|2,peak
IMG_3653_2400x1600_JPG.rf.IZcHNUFKWvNuMlcHyiPu.JPG,IMG_3653,RW20L,0.75,0.75,-,2,?,RW20L|0.75|-|2,peak
IMG_3608_JPG.rf.DDSw8AmYqvfFSeWIsURD.JPG,IMG_3608,RW20L,0.5,0.5,+,2,?,RW20L|0.5|+|2,peak
IMG_3576_JPG.rf.NIxeqY5cVEygaEZi5qes.JPG,IMG_3576,RW20L,0.125,0.125,-,2,?,RW20L|0.125|-|2,peak
IMG_3612_JPG.rf.pcDOWL3vJEZDJaJLZEE1.JPG,IMG_3612,RW20L,0.5,0.5,+,2,?,RW20L|0.5|+|2,peak
IMG_3552_JPG.rf.1VXDp1ij4gM8nN6EFquQ.JPG,IMG_3552,RW20L,0,0,+,0,?,RW20L|0|+|0,initial
IMG_3570_JPG.rf.KgX82wmeS3SUdPP1s3le.JPG,IMG_3570,RW20L,0.125,0.125,-,2,?,RW20L|0.125|-|2,peak
IMG_3684_JPG.rf.HEPOmciqQaTaGXgmmZHX.JPG,IMG_3684,RW20L,1,1,-,2,?,RW20L|1|-|2,peak
IMG_3623_JPG.rf.EWxF8plyLzCHdRdH98Bk.JPG,IMG_3623,RW20L,0.5,0.5,-,2,?,RW20L|0.5|-|2,peak
IMG_3671_JPG.rf.FDyE0mw8OgiSyj7eYGqI.JPG,IMG_3671,RW20L,1,1,+,2,?,RW20L|1|+|2,peak
IMG_3701_JPG.rf.C6bxNhMk5oxkaOENRcFQ.JPG,IMG_3701,RW20L,1.5,1.5,+,2,?,RW20L|1.5|+|2,peak
IMG_3565_JPG.rf.kXJryWsqLOzLJ3jeuG3s.JPG,IMG_3565,RW20L,0.125,0.125,+,2,?,RW20L|0.125|+|2,peak
IMG_3700_JPG.rf.GeJu6Elo4434ngd2VNzo.JPG,IMG_3700,RW20L,1.5,1.5,+,2,?,RW20L|1.5|+|2,peak
IMG_3718_JPG.rf.ZLv6SzmjJWbuc56KkrTS.JPG,IMG_3718,RW20L,1.5,1.5,-,2,?,RW20L|1.5|-|2,peak
IMG_3572_JPG.rf.TzujRXtxF4OPMbNVJjOE.JPG,IMG_3572,RW20L,0.125,0.125,-,2,?,RW20L|0.125|-|2,peak
IMG_3636_JPG.rf.KquyEQIqQzN6dQDOGvQV.JPG,IMG_3636,RW20L,0.75,0.75,+,2,?,RW20L|0.75|+|2,peak
IMG_3637_JPG.rf.ENM7viWKFAIAPaBnHgD9.JPG,IMG_3637,RW20L,0.75,0.75,+,2,?,RW20L|0.75|+|2,peak
IMG_3686_JPG.rf.aySgTiALGVbufdjHowNl.JPG,IMG_3686,RW20L,1,1,-,2,?,RW20L|1|-|2,peak
IMG_3757_JPG.rf.em5QHUsgaq7Qn1PhWMVG.JPG,IMG_3757,RW20L,2,2,-,2,?,RW20L|2|-|2,peak
IMG_3571_JPG.rf.egFQ37EOzveupfPI5fGz.JPG,IMG_3571,RW20L,0.125,0.125,-,2,?,RW20L|0.125|-|2,peak
IMG_3670_JPG.rf.0QLG8SVMLA4pHjIqURU0.JPG,IMG_3670,RW20L,1,1,+,2,?,RW20L|1|+|2,peak
IMG_3699_JPG.rf.75biSoljv2DuxA7cs5ZW.JPG,IMG_3699,RW20L,1.5,1.5,+,2,?,RW20L|1.5|+|2,peak
IMG_3624_JPG.rf.IoZPhkR4M6acTPg6spGB.JPG,IMG_3624,RW20L,0.5,0.5,-,2,?,RW20L|0.5|-|2,peak
IMG_3656_JPG.rf.LPajViDl75B1s9S0tzDS.JPG,IMG_3656,RW20L,0.75,0.75,-,2,?,RW20L|0.75|-|2,peak
IMG_3652_JPG.rf.TfCw491GHYHHhda0aqMy.JPG,IMG_3652,RW20L,0.75,0.75,-,2,?,RW20L|0.75|-|2,peak
IMG_3755_JPG.rf.etk8vHsbqlFRulzSXAKm.JPG,IMG_3755,RW20L,2,2,-,2,?,RW20L|2|-|2,peak
IMG_3713_JPG.rf.l8ef0t245hPaDr0SuxO8.JPG,IMG_3713,RW20L,1.5,1.5,-,2,?,RW20L|1.5|-|2,peak
IMG_3687_JPG.rf.owz9sWYUsuAboc55TFTC.JPG,IMG_3687,RW20L,1,1,-,2,?,RW20L|1|-|2,peak
IMG_3698_JPG.rf.RvZZXvR3U6pjazweeFeX.JPG,IMG_3698,RW20L,1.5,1.5,+,2,?,RW20L|1.5|+|2,peak
IMG_3751_JPG.rf.dw5cXGIlCqgHfGmX2SYG.JPG,IMG_3751,RW20L,2,2,-,2,?,RW20L|2|-|2,peak
IMG_3685_JPG.rf.gzJCSugW67mQuzUoQGt2.JPG,IMG_3685,RW20L,1,1,-,2,?,RW20L|1|-|2,peak
IMG_3635_JPG.rf.lsE0xPdccWkT7DuuBmjL.JPG,IMG_3635,RW20L,0.75,0.75,+,2,?,RW20L|0.75|+|2,peak
IMG_3756_JPG.rf.t0pLJYNbzpftnanOTAaH.JPG,IMG_3756,RW20L,2,2,-,2,?,RW20L|2|-|2,peak
IMG_3717_JPG.rf.XSr9bsrS0HerCEHsc4cE.JPG,IMG_3717,RW20L,1.5,1.5,-,2,?,RW20L|1.5|-|2,peak
IMG_3672_JPG.rf.sXHdLpGLJVowke0zP15u.JPG,IMG_3672,RW20L,1,1,+,2,?,RW20L|1|+|2,peak
IMG_3654_JPG.rf.xOfTQ6jcdBgZliPVnvyh.JPG,IMG_3654,RW20L,0.75,0.75,-,2,?,RW20L|0.75|-|2,peak
IMG_3626_JPG.rf.vkyoSOSh24Ybf4AlKbyb.JPG,IMG_3626,RW20L,0.5,0.5,-,2,?,RW20L|0.5|-|2,peak
IMG_3673_JPG.rf.wteGx9qwKEnLEx6Pk0Ke.JPG,IMG_3673,RW20L,1,1,+,2,?,RW20L|1|+|2,peak
IMG_3053_JPG.rf.sMXi8TA5xRZSDmKfyGfH.JPG,IMG_3053,N20B,0.5,0.5,+,2,?,N20B|0.5|+|2,peak
IMG_3054_JPG.rf.rWAUFIlKUrnFkOt0tJtV.JPG,IMG_3054,N20B,0.5,0.5,+,2,?,N20B|0.5|+|2,peak
IMG_3064_JPG.rf.H1op2Yx6zQZjolNn1Lpn.JPG,IMG_3064,N20B,0.5,0.5,-,2,?,N20B|0.5|-|2,peak
IMG_3120_JPG.rf.9jvZJYZa2HkK2ZCgsKqN.JPG,IMG_3120,N20B,1.5,1.5,+,2,?,N20B|1.5|+|2,peak
IMG_3184_JPG.rf.7ctDxD0nU58b4SLY7pY0.JPG,IMG_3184,N20B,2.3,2.3,-,1,?,N20B|2.3|-|1,peak
IMG_3055_JPG.rf.Hj7CaFIfXoh4VzVLMXde.JPG,IMG_3055,N20B,0.5,0.5,+,2,?,N20B|0.5|+|2,peak
IMG_3122_JPG.rf.6lnCfGVoz9fLIHZQl6Dn.JPG,IMG_3122,N20B,1.5,1.5,+,2,?,N20B|1.5|+|2,peak
IMG_3063_JPG.rf.xlsw19EUuZBfR15KbNOG.JPG,IMG_3063,N20B,0.5,0.5,-,2,?,N20B|0.5|-|2,peak
IMG_3133_JPG.rf.7u14BnuKpiSKVSG3VqC1.JPG,IMG_3133,N20B,1.5,1.5,-,2,?,N20B|1.5|-|2,peak
IMG_3186_JPG.rf.ErrEnJhJJxBQ2rsI8ePr.JPG,IMG_3186,N20B,2.3,2.3,-,1,?,N20B|2.3|-|1,peak
IMG_3065_JPG.rf.tCPQU04haNsWxEeTGCGC.JPG,IMG_3065,N20B,0.5,0.5,-,2,?,N20B|0.5|-|2,peak
IMG_3094_JPG.rf.BGSW0YFCFb34G8Rrg3V5.JPG,IMG_3094,N20B,1,1,+,2,?,N20B|1|+|2,peak
IMG_3168_JPG.rf.YxV419RqKahcxqFCsmcH.JPG,IMG_3168,N20B,2,2,-,2,?,N20B|2|-|2,peak
IMG_3166_JPG.rf.7CC9LMZIsqGxD1v4LuQh.JPG,IMG_3166,N20B,2,2,-,2,?,N20B|2|-|2,peak
IMG_3106_JPG.rf.Gqelno32elLFt6Bbu09K.JPG,IMG_3106,N20B,1,1,-,2,?,N20B|1|-|2,peak
IMG_3165_JPG.rf.ZL5d2ouKGeev16HxkVja.JPG,IMG_3165,N20B,2,2,-,2,?,N20B|2|-|2,peak
IMG_3202_JPG.rf.H3V1kWeYNXYuh8x2LbhB.JPG,IMG_3202,N20B,3,3,-,1,?,N20B|3|-|1,peak
IMG_3121_JPG.rf.5mR4Rsbv6qZXFEH6LAPh.JPG,IMG_3121,N20B,1.5,1.5,+,2,?,N20B|1.5|+|2,peak
IMG_3199_JPG.rf.LJ9qFWvRZ85RkiAC3sF4.JPG,IMG_3199,N20B,3,3,-,1,?,N20B|3|-|1,peak
IMG_3135_JPG.rf.kKVgp9Gljb72qsqdww4a.JPG,IMG_3135,N20B,1.5,1.5,-,2,?,N20B|1.5|-|2,peak
IMG_3198_JPG.rf.q38jBdKqOmS7HRQWM11N.JPG,IMG_3198,N20B,3,3,-,1,?,N20B|3|-|1,peak
IMG_3107_JPG.rf.l28LCvofLdaRfrTg8h2w.JPG,IMG_3107,N20B,1,1,-,2,?,N20B|1|-|2,peak
IMG_3200_JPG.rf.u5IWak6fCv59bwCJ0Zm5.JPG,IMG_3200,N20B,3,3,-,1,?,N20B|3|-|1,peak
IMG_3185_JPG.rf.prhPoARomesRlQ13MVB6.JPG,IMG_3185,N20B,2.3,2.3,-,1,?,N20B|2.3|-|1,peak
IMG_3164_JPG.rf.Tvf1glDEiWsgGYE72sXT.JPG,IMG_3164,N20B,2,2,-,2,?,N20B|2|-|2,peak
IMG_3073_JPG.rf.NoAVTUwt0Awm7i0Fqtb3.JPG,IMG_3073,N20B,0.75,0.75,-,2,?,N20B|0.75|-|2,peak
IMG_3108_JPG.rf.UtaxRAn9jvvHukFoN78S.JPG,IMG_3108,N20B,1,1,-,2,?,N20B|1|-|2,peak
IMG_3134_JPG.rf.ImH7kwz92yn4gIT3hxF8.JPG,IMG_3134,N20B,1.5,1.5,-,2,?,N20B|1.5|-|2,peak
IMG_3096_JPG.rf.VC56MaL8AUbVPsXMAtYe.JPG,IMG_3096,N20B,1,1,+,2,?,N20B|1|+|2,peak
IMG_3095_JPG.rf.pwREWNonvDZiQPz57oeI.JPG,IMG_3095,N20B,1,1,+,2,?,N20B|1|+|2,peak
IMG_3075_JPG.rf.tMdkdBXDnEzbIPLPFMz7.JPG,IMG_3075,N20B,0.75,0.75,-,2,?,N20B|0.75|-|2,peak
IMG_3150_JPG.rf.Lh9mPDwsg73oNmt2HwVC.JPG,IMG_3150,N20B,2,2,+,2,?,N20B|2|+|2,peak
IMG_3149_JPG.rf.RXivsanFxOf1hWHnW2Vq.JPG,IMG_3149,N20B,2,2,+,2,?,N20B|2|+|2,peak
IMG_3151_JPG.rf.WeG58II0J9evbuE0U7YT.JPG,IMG_3151,N20B,2,2,+,2,?,N20B|2|+|2,peak
IMG_3201_JPG.rf.uSDsNgNlCnc7FabgQ4WN.JPG,IMG_3201,N20B,3,3,-,1,?,N20B|3|-|1,peak
IMG_3092_JPG.rf.tazQkyCBq0i65U46mASw.JPG,IMG_3092,N20B,0.75,0.75,-,2,?,N20B|0.75|-|2,peak
